image_id,class
02371.jpg,siamese+cat
00767.jpg,deer
02360.jpg,bat
00266.jpg,seal
02450.jpg,spider+monkey
01496.jpg,dolphin
01600.jpg,grizzly+bear
00847.jpg,mouse
00822.jpg,beaver
00614.jpg,mole
02856.jpg,bat
02621.jpg,raccoon
01850.jpg,hamster
00878.jpg,raccoon
01473.jpg,spider+monkey
00091.jpg,dolphin
01713.jpg,otter
01306.jpg,seal
00838.jpg,persian+cat
01760.jpg,pig
02600.jpg,hamster
00296.jpg,antelope
01000.jpg,mouse
01445.jpg,hippopotamus
01179.jpg,antelope
02179.jpg,mole
00219.jpg,pig
02567.jpg,seal
02327.jpg,hamster
02817.jpg,dolphin
01029.jpg,buffalo
00130.jpg,elephant
00460.jpg,rat
00254.jpg,antelope
00884.jpg,elephant
02585.jpg,dalmatian
01329.jpg,chihuahua
00706.jpg,chihuahua
00896.jpg,spider+monkey
00160.jpg,skunk
02085.jpg,walrus
01173.jpg,mole
00109.jpg,weasel
02787.jpg,wolf
02880.jpg,tiger
02696.jpg,deer
00111.jpg,zebra
01081.jpg,zebra
02997.jpg,mouse
01779.jpg,otter
01728.jpg,mole
02418.jpg,mouse
00056.jpg,deer
02308.jpg,rat
02392.jpg,lion
01978.jpg,mole
02238.jpg,german+shepherd
01093.jpg,giant+panda
02686.jpg,rat
01307.jpg,hippopotamus
02774.jpg,otter
00030.jpg,hippopotamus
01133.jpg,bobcat
00907.jpg,walrus
02099.jpg,tiger
01616.jpg,otter
00944.jpg,seal
01045.jpg,wolf
02201.jpg,bat
01980.jpg,raccoon
00942.jpg,walrus
00680.jpg,skunk
02432.jpg,spider+monkey
01864.jpg,grizzly+bear
01683.jpg,deer
00938.jpg,hamster
01643.jpg,rat
02670.jpg,hippopotamus
02191.jpg,skunk
00571.jpg,weasel
01535.jpg,weasel
00808.jpg,giraffe
01809.jpg,raccoon
00340.jpg,cow
02313.jpg,antelope
01017.jpg,lion
02809.jpg,persian+cat
00074.jpg,bobcat
02310.jpg,killer+whale
00009.jpg,elephant
00530.jpg,otter
00361.jpg,elephant
02611.jpg,walrus
01194.jpg,hamster
01921.jpg,raccoon
01487.jpg,giraffe
01886.jpg,buffalo
01406.jpg,mouse
01151.jpg,antelope
02266.jpg,hamster
00308.jpg,pig
01071.jpg,beaver
02757.jpg,pig
01001.jpg,wolf
02119.jpg,bat
01547.jpg,hamster
02984.jpg,weasel
02457.jpg,raccoon
00580.jpg,bobcat
02212.jpg,weasel
00439.jpg,hamster
01458.jpg,lion
02118.jpg,bat
00161.jpg,otter
02605.jpg,german+shepherd
02541.jpg,rat
00377.jpg,tiger
01137.jpg,deer
01861.jpg,blue+whale
01888.jpg,hamster
02367.jpg,hamster
01149.jpg,antelope
01672.jpg,pig
01727.jpg,seal
00802.jpg,ox
00215.jpg,walrus
02639.jpg,deer
00116.jpg,mouse
01420.jpg,tiger
02048.jpg,blue+whale
00681.jpg,deer
01906.jpg,german+shepherd
00081.jpg,bat
00280.jpg,deer
01963.jpg,german+shepherd
02783.jpg,elephant
00428.jpg,mole
01067.jpg,pig
01212.jpg,dolphin
01777.jpg,antelope
02349.jpg,elephant
02066.jpg,seal
01139.jpg,mouse
00468.jpg,spider+monkey
00324.jpg,siamese+cat
02775.jpg,grizzly+bear
01862.jpg,killer+whale
01569.jpg,spider+monkey
00976.jpg,beaver
00694.jpg,siamese+cat
00596.jpg,mole
00787.jpg,skunk
02714.jpg,blue+whale
01718.jpg,raccoon
02325.jpg,bat
02914.jpg,skunk
00879.jpg,giraffe
02724.jpg,beaver
00316.jpg,buffalo
00269.jpg,leopard
00364.jpg,chihuahua
01662.jpg,hamster
00299.jpg,lion
02094.jpg,bat
02184.jpg,bat
02673.jpg,seal
01596.jpg,raccoon
00754.jpg,rat
00983.jpg,elephant
01901.jpg,otter
00872.jpg,weasel
02278.jpg,hamster
02279.jpg,german+shepherd
02209.jpg,wolf
00743.jpg,raccoon
02396.jpg,ox
01413.jpg,skunk
00560.jpg,raccoon
02897.jpg,german+shepherd
02814.jpg,chihuahua
00386.jpg,cow
01215.jpg,german+shepherd
00498.jpg,hamster
00581.jpg,leopard
01123.jpg,skunk
02270.jpg,bobcat
02168.jpg,tiger
01068.jpg,hamster
02205.jpg,german+shepherd
02954.jpg,pig
01118.jpg,siamese+cat
02281.jpg,buffalo
00629.jpg,seal
00795.jpg,seal
00995.jpg,tiger
01410.jpg,mouse
00784.jpg,wolf
00785.jpg,zebra
01847.jpg,german+shepherd
01250.jpg,german+shepherd
02470.jpg,mouse
01284.jpg,killer+whale
00516.jpg,giraffe
01065.jpg,elephant
02761.jpg,cow
01387.jpg,mouse
01876.jpg,chihuahua
00936.jpg,mole
02163.jpg,deer
02837.jpg,bat
01336.jpg,polar+bear
01274.jpg,humpback+whale
01678.jpg,seal
02949.jpg,hamster
00363.jpg,spider+monkey
01340.jpg,giraffe
01283.jpg,skunk
00950.jpg,otter
01738.jpg,antelope
01094.jpg,otter
02291.jpg,mole
01097.jpg,seal
02618.jpg,hippopotamus
01155.jpg,bat
00413.jpg,hamster
02715.jpg,mole
02900.jpg,killer+whale
00893.jpg,ox
01131.jpg,otter
02226.jpg,elephant
01175.jpg,rat
01415.jpg,skunk
00237.jpg,leopard
00381.jpg,skunk
01646.jpg,german+shepherd
01614.jpg,dalmatian
02864.jpg,antelope
00617.jpg,raccoon
02750.jpg,killer+whale
02675.jpg,antelope
01996.jpg,polar+bear
00359.jpg,german+shepherd
01971.jpg,cow
01992.jpg,hippopotamus
01964.jpg,skunk
01156.jpg,tiger
01374.jpg,pig
01908.jpg,spider+monkey
00411.jpg,dalmatian
02848.jpg,weasel
01354.jpg,antelope
00023.jpg,spider+monkey
01815.jpg,otter
02336.jpg,leopard
01894.jpg,pig
00873.jpg,walrus
01597.jpg,weasel
01172.jpg,lion
00887.jpg,spider+monkey
00387.jpg,killer+whale
01234.jpg,wolf
01953.jpg,dolphin
00678.jpg,beaver
00380.jpg,lion
02240.jpg,dolphin
01947.jpg,polar+bear
00107.jpg,mole
02957.jpg,lion
01136.jpg,german+shepherd
00357.jpg,hamster
01747.jpg,german+shepherd
01823.jpg,tiger
02260.jpg,pig
00549.jpg,beaver
00624.jpg,dolphin
00798.jpg,chihuahua
02089.jpg,elephant
02206.jpg,raccoon
00511.jpg,tiger
00816.jpg,bobcat
02933.jpg,spider+monkey
00179.jpg,giraffe
00900.jpg,chihuahua
02553.jpg,walrus
00328.jpg,zebra
02990.jpg,cow
01408.jpg,pig
02705.jpg,persian+cat
01095.jpg,ox
02105.jpg,hippopotamus
00660.jpg,tiger
00899.jpg,grizzly+bear
01176.jpg,spider+monkey
00349.jpg,rat
01106.jpg,persian+cat
02375.jpg,persian+cat
00252.jpg,grizzly+bear
00196.jpg,deer
01132.jpg,bat
00076.jpg,dalmatian
00234.jpg,elephant
02679.jpg,lion
00968.jpg,spider+monkey
01624.jpg,cow
01530.jpg,raccoon
02178.jpg,humpback+whale
00687.jpg,lion
02546.jpg,cow
00485.jpg,giraffe
01298.jpg,giraffe
00037.jpg,pig
00465.jpg,raccoon
00853.jpg,skunk
02870.jpg,elephant
01018.jpg,chihuahua
02476.jpg,mole
00198.jpg,killer+whale
00247.jpg,cow
02881.jpg,bat
00512.jpg,leopard
02797.jpg,ox
00195.jpg,weasel
00332.jpg,grizzly+bear
01209.jpg,hamster
01827.jpg,giraffe
00852.jpg,dolphin
02283.jpg,german+shepherd
00695.jpg,giraffe
01550.jpg,grizzly+bear
01782.jpg,mole
02121.jpg,cow
01088.jpg,grizzly+bear
00653.jpg,spider+monkey
00397.jpg,elephant
00260.jpg,walrus
00278.jpg,cow
01158.jpg,tiger
02531.jpg,ox
00049.jpg,bobcat
01796.jpg,chihuahua
02257.jpg,zebra
02009.jpg,rat
02662.jpg,elephant
00789.jpg,antelope
01368.jpg,pig
01384.jpg,ox
01899.jpg,spider+monkey
01589.jpg,elephant
01529.jpg,killer+whale
00020.jpg,chihuahua
00051.jpg,deer
01499.jpg,rat
02174.jpg,skunk
00689.jpg,otter
02781.jpg,dolphin
01948.jpg,polar+bear
00004.jpg,cow
01627.jpg,killer+whale
00583.jpg,bat
01838.jpg,antelope
02824.jpg,antelope
01510.jpg,dolphin
02445.jpg,cow
02027.jpg,giant+panda
01905.jpg,giraffe
01275.jpg,lion
02329.jpg,raccoon
02756.jpg,elephant
01076.jpg,zebra
01490.jpg,seal
02426.jpg,antelope
02858.jpg,mole
00496.jpg,blue+whale
01439.jpg,skunk
02399.jpg,german+shepherd
01377.jpg,elephant
02660.jpg,giraffe
00608.jpg,german+shepherd
01734.jpg,zebra
01942.jpg,persian+cat
01937.jpg,otter
02735.jpg,siamese+cat
01418.jpg,spider+monkey
00177.jpg,antelope
01509.jpg,raccoon
02007.jpg,ox
00442.jpg,bat
00475.jpg,german+shepherd
02185.jpg,spider+monkey
00346.jpg,bobcat
01102.jpg,spider+monkey
01397.jpg,rat
02504.jpg,polar+bear
00531.jpg,skunk
00431.jpg,spider+monkey
01611.jpg,mole
00573.jpg,deer
01801.jpg,giraffe
01786.jpg,otter
00858.jpg,grizzly+bear
01981.jpg,hamster
00226.jpg,bat
00769.jpg,chihuahua
01618.jpg,antelope
02011.jpg,lion
01619.jpg,bat
00022.jpg,german+shepherd
02437.jpg,pig
00069.jpg,seal
01184.jpg,raccoon
01773.jpg,zebra
01998.jpg,spider+monkey
01854.jpg,lion
00943.jpg,lion
00207.jpg,zebra
02693.jpg,rat
02719.jpg,bobcat
01645.jpg,mole
02156.jpg,german+shepherd
01955.jpg,killer+whale
02938.jpg,giraffe
02025.jpg,giant+panda
00776.jpg,mouse
01103.jpg,dalmatian
02115.jpg,dolphin
02256.jpg,dolphin
00034.jpg,rat
02003.jpg,tiger
02973.jpg,skunk
02965.jpg,pig
02518.jpg,lion
01502.jpg,pig
01105.jpg,giant+panda
01775.jpg,german+shepherd
02835.jpg,otter
01193.jpg,humpback+whale
01566.jpg,tiger
02420.jpg,pig
02738.jpg,blue+whale
01421.jpg,zebra
02982.jpg,polar+bear
01218.jpg,deer
02428.jpg,walrus
00333.jpg,leopard
00748.jpg,elephant
00890.jpg,deer
00641.jpg,polar+bear
02417.jpg,raccoon
01653.jpg,grizzly+bear
02855.jpg,beaver
01358.jpg,ox
00270.jpg,lion
00782.jpg,grizzly+bear
01849.jpg,blue+whale
00892.jpg,mole
02039.jpg,blue+whale
00277.jpg,giant+panda
02265.jpg,pig
02776.jpg,seal
01322.jpg,elephant
00028.jpg,elephant
02655.jpg,mouse
02888.jpg,raccoon
02580.jpg,antelope
02570.jpg,chihuahua
00132.jpg,spider+monkey
02586.jpg,blue+whale
02638.jpg,zebra
01680.jpg,bat
00974.jpg,deer
00740.jpg,blue+whale
00745.jpg,spider+monkey
02590.jpg,antelope
00704.jpg,zebra
00871.jpg,killer+whale
01625.jpg,siamese+cat
02400.jpg,chihuahua
02932.jpg,mole
02544.jpg,leopard
00946.jpg,zebra
00459.jpg,dalmatian
02851.jpg,polar+bear
00038.jpg,weasel
02597.jpg,hippopotamus
01467.jpg,german+shepherd
01559.jpg,weasel
00052.jpg,bat
01069.jpg,blue+whale
01774.jpg,chihuahua
01767.jpg,grizzly+bear
00735.jpg,german+shepherd
01811.jpg,rat
00984.jpg,walrus
01038.jpg,tiger
00129.jpg,mole
01481.jpg,wolf
00453.jpg,otter
01160.jpg,skunk
00924.jpg,antelope
00965.jpg,weasel
02064.jpg,giant+panda
02233.jpg,mole
02194.jpg,dolphin
00444.jpg,leopard
00763.jpg,blue+whale
02159.jpg,tiger
02583.jpg,hamster
00390.jpg,skunk
01239.jpg,mole
02342.jpg,spider+monkey
00284.jpg,pig
02811.jpg,dolphin
02472.jpg,german+shepherd
01671.jpg,persian+cat
02934.jpg,spider+monkey
00345.jpg,otter
01191.jpg,rat
00720.jpg,humpback+whale
00143.jpg,mole
00351.jpg,persian+cat
02857.jpg,hippopotamus
01868.jpg,mouse
00663.jpg,killer+whale
02021.jpg,antelope
01214.jpg,bat
01286.jpg,grizzly+bear
02421.jpg,antelope
02926.jpg,pig
02208.jpg,wolf
01277.jpg,lion
00998.jpg,beaver
02677.jpg,killer+whale
02331.jpg,german+shepherd
01568.jpg,raccoon
00746.jpg,ox
00455.jpg,giraffe
00285.jpg,lion
02722.jpg,bobcat
00311.jpg,skunk
02571.jpg,elephant
01878.jpg,cow
01146.jpg,mole
00235.jpg,dalmatian
01228.jpg,raccoon
01668.jpg,hamster
00046.jpg,killer+whale
00910.jpg,lion
02475.jpg,hamster
01006.jpg,dalmatian
01016.jpg,weasel
02556.jpg,rat
00073.jpg,elephant
02427.jpg,weasel
02944.jpg,cow
01447.jpg,antelope
02074.jpg,wolf
01449.jpg,bat
02485.jpg,hamster
00753.jpg,pig
00275.jpg,weasel
02924.jpg,beaver
01161.jpg,siamese+cat
00725.jpg,deer
01117.jpg,raccoon
01233.jpg,spider+monkey
00626.jpg,pig
01533.jpg,german+shepherd
00315.jpg,siamese+cat
02284.jpg,raccoon
01957.jpg,wolf
02843.jpg,walrus
00320.jpg,mole
01150.jpg,lion
01003.jpg,bobcat
00419.jpg,beaver
00554.jpg,otter
02861.jpg,wolf
02254.jpg,beaver
02634.jpg,persian+cat
01648.jpg,mouse
02366.jpg,german+shepherd
01634.jpg,killer+whale
02464.jpg,bat
02993.jpg,weasel
01985.jpg,skunk
00410.jpg,spider+monkey
02275.jpg,buffalo
00182.jpg,bat
02894.jpg,persian+cat
02215.jpg,otter
00765.jpg,beaver
01223.jpg,cow
01376.jpg,giraffe
01872.jpg,buffalo
00595.jpg,dolphin
01603.jpg,polar+bear
00605.jpg,bobcat
02309.jpg,raccoon
01127.jpg,giant+panda
02096.jpg,spider+monkey
02403.jpg,elephant
01551.jpg,pig
01855.jpg,elephant
00972.jpg,bobcat
02252.jpg,mouse
01617.jpg,deer
00945.jpg,spider+monkey
00062.jpg,hamster
02818.jpg,siamese+cat
01521.jpg,killer+whale
01423.jpg,antelope
00634.jpg,elephant
01594.jpg,seal
00228.jpg,weasel
02374.jpg,chihuahua
02602.jpg,skunk
01943.jpg,hippopotamus
02829.jpg,pig
00087.jpg,polar+bear
01318.jpg,dalmatian
00003.jpg,mouse
02493.jpg,dolphin
01922.jpg,beaver
02312.jpg,seal
00199.jpg,hamster
00137.jpg,spider+monkey
02978.jpg,skunk
00625.jpg,mouse
02995.jpg,weasel
02024.jpg,siamese+cat
02770.jpg,hamster
00843.jpg,hamster
01264.jpg,giraffe
00699.jpg,pig
02798.jpg,walrus
02175.jpg,beaver
02936.jpg,spider+monkey
01684.jpg,pig
00922.jpg,lion
01554.jpg,pig
00164.jpg,raccoon
01615.jpg,buffalo
02972.jpg,bobcat
02551.jpg,hippopotamus
01750.jpg,killer+whale
01719.jpg,pig
01676.jpg,elephant
00568.jpg,weasel
01677.jpg,dolphin
00916.jpg,tiger
00092.jpg,mole
01026.jpg,weasel
00253.jpg,blue+whale
00072.jpg,chihuahua
01797.jpg,rat
00312.jpg,raccoon
01489.jpg,skunk
00178.jpg,dolphin
00937.jpg,antelope
01949.jpg,hippopotamus
00666.jpg,pig
00425.jpg,giraffe
02442.jpg,mole
02883.jpg,mouse
02070.jpg,persian+cat
00655.jpg,german+shepherd
01187.jpg,german+shepherd
00110.jpg,weasel
01836.jpg,bat
01231.jpg,elephant
00220.jpg,german+shepherd
01058.jpg,mouse
00780.jpg,rat
02126.jpg,dolphin
02339.jpg,beaver
02140.jpg,raccoon
00730.jpg,giraffe
02569.jpg,grizzly+bear
00817.jpg,polar+bear
02603.jpg,cow
00906.jpg,bat
02473.jpg,lion
01856.jpg,grizzly+bear
02317.jpg,beaver
02148.jpg,dalmatian
00331.jpg,spider+monkey
00514.jpg,seal
02494.jpg,siamese+cat
02210.jpg,german+shepherd
00014.jpg,persian+cat
00105.jpg,weasel
01837.jpg,tiger
00833.jpg,grizzly+bear
02899.jpg,spider+monkey
02927.jpg,antelope
00095.jpg,cow
01246.jpg,beaver
01020.jpg,elephant
00996.jpg,weasel
01084.jpg,rat
02015.jpg,beaver
01696.jpg,blue+whale
00954.jpg,grizzly+bear
01486.jpg,dalmatian
01100.jpg,zebra
00279.jpg,rat
01171.jpg,grizzly+bear
02006.jpg,dalmatian
01431.jpg,dolphin
01588.jpg,walrus
00309.jpg,spider+monkey
02777.jpg,beaver
00407.jpg,dalmatian
02801.jpg,giraffe
00462.jpg,cow
02365.jpg,polar+bear
02882.jpg,weasel
02456.jpg,hamster
00739.jpg,mouse
00246.jpg,cow
01913.jpg,leopard
01352.jpg,deer
01273.jpg,raccoon
01695.jpg,seal
02780.jpg,weasel
01519.jpg,grizzly+bear
01002.jpg,spider+monkey
01874.jpg,dalmatian
00064.jpg,tiger
01539.jpg,seal
02700.jpg,bat
00259.jpg,lion
00144.jpg,grizzly+bear
00881.jpg,hamster
00042.jpg,leopard
00268.jpg,cow
02822.jpg,mouse
02744.jpg,siamese+cat
00951.jpg,skunk
00564.jpg,cow
01852.jpg,seal
02389.jpg,spider+monkey
00561.jpg,weasel
02588.jpg,seal
00418.jpg,tiger
02424.jpg,wolf
01288.jpg,polar+bear
00060.jpg,raccoon
00507.jpg,mole
01689.jpg,raccoon
02727.jpg,humpback+whale
00925.jpg,antelope
01602.jpg,humpback+whale
02259.jpg,zebra
02799.jpg,spider+monkey
01259.jpg,hippopotamus
01319.jpg,siamese+cat
01522.jpg,buffalo
00273.jpg,mouse
02335.jpg,hamster
01227.jpg,weasel
01164.jpg,seal
01629.jpg,pig
00869.jpg,hamster
02488.jpg,bat
02143.jpg,persian+cat
02595.jpg,mole
01159.jpg,rat
00855.jpg,mole
02667.jpg,weasel
00298.jpg,bat
00189.jpg,buffalo
02369.jpg,rat
01558.jpg,grizzly+bear
01593.jpg,mouse
00813.jpg,mouse
01395.jpg,weasel
00166.jpg,lion
01411.jpg,blue+whale
02380.jpg,zebra
01800.jpg,deer
02706.jpg,blue+whale
00804.jpg,mouse
02157.jpg,ox
02404.jpg,hamster
02125.jpg,seal
01186.jpg,dalmatian
00106.jpg,siamese+cat
00089.jpg,antelope
00805.jpg,hamster
01859.jpg,ox
00781.jpg,spider+monkey
01995.jpg,persian+cat
02062.jpg,grizzly+bear
00727.jpg,beaver
00756.jpg,bat
01386.jpg,spider+monkey
00506.jpg,hippopotamus
02000.jpg,rat
01422.jpg,cow
02268.jpg,grizzly+bear
02950.jpg,raccoon
01986.jpg,dolphin
02091.jpg,giraffe
01724.jpg,german+shepherd
00019.jpg,giraffe
02847.jpg,dolphin
02495.jpg,bat
00959.jpg,wolf
01125.jpg,humpback+whale
02165.jpg,mouse
02790.jpg,walrus
00347.jpg,pig
02053.jpg,elephant
02217.jpg,siamese+cat
01851.jpg,pig
01299.jpg,pig
01270.jpg,elephant
02711.jpg,german+shepherd
02516.jpg,siamese+cat
00334.jpg,weasel
02443.jpg,lion
00856.jpg,buffalo
02800.jpg,raccoon
01091.jpg,hamster
00303.jpg,antelope
02921.jpg,grizzly+bear
02133.jpg,persian+cat
01199.jpg,mole
02908.jpg,persian+cat
01638.jpg,grizzly+bear
02186.jpg,pig
01819.jpg,raccoon
00255.jpg,persian+cat
00029.jpg,german+shepherd
00705.jpg,deer
01062.jpg,pig
00522.jpg,blue+whale
00971.jpg,cow
01464.jpg,grizzly+bear
00158.jpg,chihuahua
01167.jpg,pig
01140.jpg,persian+cat
01621.jpg,killer+whale
01585.jpg,lion
01660.jpg,giant+panda
02671.jpg,rat
00467.jpg,mole
02819.jpg,killer+whale
01758.jpg,dolphin
01314.jpg,skunk
01147.jpg,german+shepherd
01053.jpg,mole
00815.jpg,mouse
00021.jpg,tiger
00181.jpg,ox
02416.jpg,hamster
00194.jpg,mole
02187.jpg,weasel
01169.jpg,giraffe
01353.jpg,rat
00185.jpg,spider+monkey
01979.jpg,spider+monkey
02636.jpg,elephant
02889.jpg,lion
02653.jpg,pig
02517.jpg,ox
00489.jpg,german+shepherd
02988.jpg,hamster
02067.jpg,weasel
02594.jpg,grizzly+bear
02647.jpg,rat
00341.jpg,zebra
02945.jpg,bat
02001.jpg,dolphin
02499.jpg,lion
01063.jpg,walrus
01665.jpg,bat
00810.jpg,german+shepherd
01130.jpg,otter
00646.jpg,seal
02316.jpg,dalmatian
01271.jpg,giant+panda
02748.jpg,humpback+whale
01962.jpg,hippopotamus
01562.jpg,bat
01494.jpg,pig
00463.jpg,hamster
00649.jpg,hippopotamus
01433.jpg,rat
01818.jpg,bat
01555.jpg,grizzly+bear
00499.jpg,grizzly+bear
02751.jpg,elephant
02961.jpg,skunk
02909.jpg,hippopotamus
02116.jpg,blue+whale
01548.jpg,german+shepherd
02885.jpg,spider+monkey
00692.jpg,zebra
00963.jpg,giant+panda
01744.jpg,deer
01722.jpg,hippopotamus
00654.jpg,otter
02387.jpg,bobcat
00956.jpg,walrus
00482.jpg,hippopotamus
02160.jpg,deer
02508.jpg,seal
02969.jpg,bobcat
02253.jpg,otter
01247.jpg,elephant
02042.jpg,chihuahua
02181.jpg,pig
00721.jpg,bat
00388.jpg,lion
01321.jpg,skunk
02601.jpg,giant+panda
01330.jpg,otter
00007.jpg,pig
00682.jpg,giant+panda
00990.jpg,persian+cat
00342.jpg,giant+panda
01188.jpg,lion
01582.jpg,bobcat
00914.jpg,bat
00903.jpg,antelope
01659.jpg,bat
03000.jpg,bat
01245.jpg,rat
00806.jpg,otter
02173.jpg,zebra
02589.jpg,antelope
01263.jpg,wolf
01024.jpg,dolphin
01726.jpg,antelope
01803.jpg,zebra
01598.jpg,mole
00305.jpg,hamster
00648.jpg,dalmatian
00985.jpg,tiger
01993.jpg,zebra
02383.jpg,bat
02455.jpg,giraffe
00294.jpg,skunk
00777.jpg,grizzly+bear
02466.jpg,elephant
00517.jpg,cow
00935.jpg,deer
01126.jpg,beaver
00150.jpg,bat
00913.jpg,lion
01389.jpg,cow
02542.jpg,bobcat
00385.jpg,bat
01475.jpg,deer
01425.jpg,giraffe
00466.jpg,pig
01419.jpg,grizzly+bear
00033.jpg,polar+bear
02235.jpg,dolphin
01866.jpg,hippopotamus
02537.jpg,cow
02192.jpg,weasel
01138.jpg,antelope
02103.jpg,elephant
00027.jpg,deer
01642.jpg,antelope
02507.jpg,antelope
01945.jpg,deer
00456.jpg,giant+panda
00394.jpg,antelope
01110.jpg,bat
02509.jpg,german+shepherd
01462.jpg,giraffe
02385.jpg,mole
01693.jpg,rat
00165.jpg,skunk
01337.jpg,otter
01748.jpg,rat
00006.jpg,persian+cat
02285.jpg,raccoon
01534.jpg,dolphin
02769.jpg,leopard
00300.jpg,leopard
02555.jpg,siamese+cat
01165.jpg,weasel
02388.jpg,cow
00886.jpg,siamese+cat
02438.jpg,cow
01059.jpg,spider+monkey
02794.jpg,pig
02654.jpg,leopard
01867.jpg,spider+monkey
00632.jpg,hamster
00551.jpg,dolphin
01401.jpg,cow
02061.jpg,otter
00601.jpg,buffalo
02703.jpg,elephant
01649.jpg,cow
02041.jpg,dalmatian
02249.jpg,german+shepherd
02902.jpg,walrus
01346.jpg,ox
00495.jpg,beaver
02373.jpg,deer
02134.jpg,cow
01042.jpg,polar+bear
02398.jpg,german+shepherd
01917.jpg,beaver
01437.jpg,skunk
02795.jpg,elephant
01248.jpg,hippopotamus
00217.jpg,spider+monkey
02337.jpg,ox
00183.jpg,zebra
01877.jpg,spider+monkey
01916.jpg,weasel
02685.jpg,mouse
00288.jpg,zebra
01793.jpg,persian+cat
01880.jpg,blue+whale
01528.jpg,grizzly+bear
02330.jpg,polar+bear
00611.jpg,weasel
00819.jpg,killer+whale
02678.jpg,lion
01853.jpg,buffalo
02538.jpg,dalmatian
01121.jpg,tiger
00894.jpg,mole
02434.jpg,hamster
01181.jpg,weasel
02368.jpg,giraffe
02859.jpg,weasel
01232.jpg,polar+bear
01755.jpg,rat
02471.jpg,siamese+cat
02860.jpg,cow
01327.jpg,tiger
00635.jpg,bat
01221.jpg,mouse
01331.jpg,antelope
02721.jpg,seal
02340.jpg,mouse
02707.jpg,seal
01414.jpg,mole
02625.jpg,walrus
01478.jpg,persian+cat
02029.jpg,grizzly+bear
00430.jpg,deer
00671.jpg,leopard
02568.jpg,mole
01375.jpg,humpback+whale
00973.jpg,bat
00339.jpg,spider+monkey
02162.jpg,skunk
01666.jpg,persian+cat
00011.jpg,spider+monkey
01802.jpg,pig
00636.jpg,seal
01134.jpg,seal
02441.jpg,otter
02759.jpg,dalmatian
02637.jpg,seal
00952.jpg,pig
01578.jpg,dolphin
02031.jpg,lion
00065.jpg,ox
02549.jpg,siamese+cat
02166.jpg,otter
02451.jpg,bat
00615.jpg,buffalo
02680.jpg,lion
00059.jpg,killer+whale
02299.jpg,german+shepherd
02734.jpg,german+shepherd
02623.jpg,tiger
00384.jpg,dolphin
01607.jpg,raccoon
00722.jpg,mole
00372.jpg,ox
02563.jpg,cow
00683.jpg,skunk
01037.jpg,raccoon
00171.jpg,spider+monkey
00679.jpg,spider+monkey
02591.jpg,mouse
00702.jpg,ox
01369.jpg,giraffe
01255.jpg,pig
00609.jpg,tiger
01008.jpg,seal
01409.jpg,killer+whale
01784.jpg,beaver
02225.jpg,weasel
00242.jpg,mole
00415.jpg,raccoon
02231.jpg,weasel
00628.jpg,siamese+cat
02803.jpg,polar+bear
00402.jpg,seal
01508.jpg,pig
00159.jpg,tiger
01787.jpg,chihuahua
02635.jpg,tiger
01371.jpg,hippopotamus
01198.jpg,zebra
02436.jpg,seal
00156.jpg,humpback+whale
02236.jpg,weasel
01219.jpg,giraffe
00176.jpg,pig
00008.jpg,german+shepherd
00486.jpg,lion
02425.jpg,polar+bear
00569.jpg,spider+monkey
02282.jpg,dalmatian
02554.jpg,killer+whale
02543.jpg,mole
02520.jpg,rat
02344.jpg,pig
01737.jpg,elephant
00343.jpg,grizzly+bear
02743.jpg,mouse
01310.jpg,bat
02158.jpg,grizzly+bear
02182.jpg,bobcat
01204.jpg,elephant
02826.jpg,lion
00627.jpg,spider+monkey
00104.jpg,leopard
01372.jpg,raccoon
01143.jpg,deer
02788.jpg,cow
00471.jpg,mouse
00500.jpg,chihuahua
00696.jpg,mole
00521.jpg,hippopotamus
00639.jpg,hamster
01639.jpg,weasel
00775.jpg,chihuahua
00173.jpg,otter
00734.jpg,giraffe
02459.jpg,skunk
01556.jpg,seal
00416.jpg,leopard
01296.jpg,grizzly+bear
02943.jpg,blue+whale
01280.jpg,blue+whale
00643.jpg,rat
02415.jpg,antelope
01252.jpg,dolphin
01824.jpg,giraffe
01128.jpg,grizzly+bear
02297.jpg,elephant
02144.jpg,seal
00258.jpg,pig
00940.jpg,chihuahua
00619.jpg,seal
02059.jpg,siamese+cat
01345.jpg,mole
02620.jpg,killer+whale
00545.jpg,seal
02040.jpg,seal
01362.jpg,german+shepherd
02227.jpg,elephant
02665.jpg,deer
01031.jpg,giraffe
01480.jpg,spider+monkey
00378.jpg,elephant
00834.jpg,pig
02245.jpg,lion
01794.jpg,pig
00476.jpg,hamster
02429.jpg,dalmatian
00542.jpg,bat
01745.jpg,grizzly+bear
01907.jpg,polar+bear
00901.jpg,humpback+whale
02073.jpg,humpback+whale
01320.jpg,pig
01975.jpg,walrus
01839.jpg,hamster
00201.jpg,lion
02633.jpg,spider+monkey
01089.jpg,weasel
01382.jpg,spider+monkey
01116.jpg,deer
00926.jpg,lion
02305.jpg,otter
00249.jpg,bobcat
00790.jpg,grizzly+bear
00043.jpg,rat
00993.jpg,pig
01364.jpg,ox
02663.jpg,dolphin
02832.jpg,mole
02255.jpg,humpback+whale
02853.jpg,dalmatian
02740.jpg,weasel
01465.jpg,pig
01565.jpg,pig
01965.jpg,wolf
00762.jpg,pig
01883.jpg,beaver
00440.jpg,spider+monkey
02019.jpg,killer+whale
00700.jpg,beaver
01652.jpg,bobcat
00122.jpg,rat
02876.jpg,weasel
01235.jpg,antelope
00057.jpg,elephant
00427.jpg,lion
02581.jpg,german+shepherd
00593.jpg,ox
00086.jpg,otter
02501.jpg,dalmatian
00238.jpg,persian+cat
01881.jpg,otter
02314.jpg,antelope
01897.jpg,german+shepherd
01902.jpg,ox
01493.jpg,rat
01820.jpg,bobcat
01505.jpg,zebra
02171.jpg,elephant
00291.jpg,hippopotamus
00325.jpg,pig
00796.jpg,humpback+whale
01705.jpg,spider+monkey
00844.jpg,giraffe
02710.jpg,spider+monkey
01885.jpg,walrus
01500.jpg,beaver
01261.jpg,lion
01256.jpg,chihuahua
01388.jpg,lion
02110.jpg,ox
02968.jpg,zebra
02489.jpg,tiger
02836.jpg,siamese+cat
02778.jpg,spider+monkey
02716.jpg,skunk
02290.jpg,polar+bear
02050.jpg,polar+bear
01761.jpg,giraffe
00422.jpg,pig
02463.jpg,persian+cat
01626.jpg,killer+whale
00585.jpg,bat
00848.jpg,otter
00187.jpg,leopard
01764.jpg,skunk
00801.jpg,bobcat
00570.jpg,hamster
00435.jpg,raccoon
01049.jpg,zebra
02480.jpg,giant+panda
02153.jpg,pig
00044.jpg,ox
00997.jpg,cow
02069.jpg,lion
02127.jpg,grizzly+bear
01870.jpg,polar+bear
01873.jpg,weasel
00710.jpg,hippopotamus
01339.jpg,pig
00090.jpg,giraffe
02747.jpg,giraffe
02161.jpg,deer
01572.jpg,skunk
01077.jpg,german+shepherd
01122.jpg,mole
00868.jpg,otter
02532.jpg,german+shepherd
02609.jpg,giraffe
02496.jpg,antelope
00477.jpg,pig
00977.jpg,elephant
02854.jpg,grizzly+bear
01403.jpg,otter
00597.jpg,beaver
02579.jpg,ox
00097.jpg,leopard
02071.jpg,otter
01022.jpg,otter
00867.jpg,mole
00197.jpg,polar+bear
01457.jpg,deer
00403.jpg,cow
00162.jpg,spider+monkey
00409.jpg,skunk
01292.jpg,hippopotamus
01911.jpg,hippopotamus
02643.jpg,wolf
01366.jpg,elephant
01620.jpg,german+shepherd
02449.jpg,elephant
01790.jpg,giraffe
01012.jpg,cow
02641.jpg,spider+monkey
01027.jpg,spider+monkey
00274.jpg,spider+monkey
01988.jpg,siamese+cat
00441.jpg,weasel
02228.jpg,otter
00535.jpg,hamster
00929.jpg,bat
00749.jpg,mouse
00208.jpg,hippopotamus
01104.jpg,weasel
01752.jpg,giant+panda
01946.jpg,dolphin
00562.jpg,dolphin
02355.jpg,polar+bear
02970.jpg,bat
00828.jpg,lion
02992.jpg,spider+monkey
01822.jpg,seal
01023.jpg,dolphin
00839.jpg,lion
02326.jpg,bat
02557.jpg,giant+panda
02674.jpg,skunk
00715.jpg,pig
02251.jpg,blue+whale
01257.jpg,spider+monkey
01936.jpg,blue+whale
01623.jpg,ox
01714.jpg,humpback+whale
02093.jpg,seal
02362.jpg,giraffe
02343.jpg,polar+bear
01704.jpg,giraffe
00421.jpg,giraffe
02593.jpg,wolf
01732.jpg,bobcat
01804.jpg,raccoon
00662.jpg,rat
02087.jpg,lion
02170.jpg,elephant
00473.jpg,giraffe
02713.jpg,raccoon
02122.jpg,mouse
02081.jpg,raccoon
02763.jpg,giraffe
02951.jpg,german+shepherd
02935.jpg,skunk
01430.jpg,rat
02487.jpg,spider+monkey
02524.jpg,german+shepherd
02180.jpg,raccoon
02878.jpg,antelope
01641.jpg,ox
02444.jpg,grizzly+bear
01344.jpg,elephant
00861.jpg,skunk
02332.jpg,giant+panda
02447.jpg,raccoon
00229.jpg,hamster
02695.jpg,mouse
01780.jpg,giraffe
01251.jpg,dalmatian
02717.jpg,antelope
02138.jpg,persian+cat
01844.jpg,hamster
01142.jpg,leopard
02536.jpg,cow
01107.jpg,siamese+cat
02155.jpg,hippopotamus
00501.jpg,elephant
00820.jpg,giant+panda
00640.jpg,bobcat
02838.jpg,skunk
02785.jpg,hippopotamus
02749.jpg,antelope
01040.jpg,persian+cat
02562.jpg,raccoon
01772.jpg,german+shepherd
01453.jpg,seal
00293.jpg,spider+monkey
00994.jpg,spider+monkey
02753.jpg,hamster
00955.jpg,walrus
02306.jpg,killer+whale
02072.jpg,german+shepherd
00684.jpg,lion
01101.jpg,elephant
02304.jpg,cow
02092.jpg,weasel
00829.jpg,siamese+cat
00964.jpg,zebra
00120.jpg,bat
00949.jpg,bat
01691.jpg,dalmatian
00548.jpg,giant+panda
00724.jpg,buffalo
02038.jpg,german+shepherd
02503.jpg,dalmatian
02026.jpg,otter
01707.jpg,blue+whale
01216.jpg,lion
01826.jpg,seal
01253.jpg,weasel
01148.jpg,buffalo
00251.jpg,dalmatian
00154.jpg,dolphin
02381.jpg,hamster
01952.jpg,killer+whale
01968.jpg,raccoon
02014.jpg,elephant
00525.jpg,bat
02560.jpg,zebra
00214.jpg,antelope
01192.jpg,killer+whale
01702.jpg,giraffe
00245.jpg,weasel
00732.jpg,lion
02379.jpg,walrus
00563.jpg,spider+monkey
02386.jpg,beaver
00250.jpg,bat
00527.jpg,pig
01392.jpg,persian+cat
02086.jpg,skunk
00140.jpg,pig
00553.jpg,blue+whale
00800.jpg,deer
00677.jpg,deer
02862.jpg,cow
00761.jpg,humpback+whale
00602.jpg,hippopotamus
01262.jpg,mole
02958.jpg,rat
00263.jpg,tiger
00574.jpg,weasel
00690.jpg,lion
02492.jpg,antelope
02690.jpg,hamster
02741.jpg,seal
01688.jpg,zebra
01891.jpg,german+shepherd
01690.jpg,dalmatian
00578.jpg,dolphin
01910.jpg,hamster
02152.jpg,blue+whale
02877.jpg,raccoon
00145.jpg,buffalo
00001.jpg,raccoon
01579.jpg,zebra
02617.jpg,lion
00472.jpg,zebra
02135.jpg,hamster
02433.jpg,ox
00751.jpg,lion
00127.jpg,antelope
00479.jpg,persian+cat
01865.jpg,antelope
01581.jpg,beaver
00417.jpg,deer
00077.jpg,german+shepherd
02942.jpg,pig
00355.jpg,deer
00510.jpg,grizzly+bear
00045.jpg,antelope
02699.jpg,mouse
01687.jpg,rat
02190.jpg,walrus
01501.jpg,zebra
02782.jpg,hamster
00930.jpg,hamster
00895.jpg,lion
02391.jpg,zebra
02402.jpg,deer
02789.jpg,wolf
02985.jpg,mouse
00071.jpg,pig
01064.jpg,pig
02566.jpg,german+shepherd
02302.jpg,lion
00697.jpg,raccoon
02497.jpg,hamster
00773.jpg,siamese+cat
01635.jpg,seal
02010.jpg,bat
02604.jpg,beaver
01428.jpg,zebra
01229.jpg,beaver
00642.jpg,weasel
00686.jpg,pig
02017.jpg,polar+bear
00398.jpg,zebra
01834.jpg,blue+whale
02068.jpg,antelope
02376.jpg,hamster
01675.jpg,weasel
02952.jpg,spider+monkey
01452.jpg,seal
00163.jpg,humpback+whale
02875.jpg,beaver
00693.jpg,giant+panda
02047.jpg,grizzly+bear
01791.jpg,polar+bear
00931.jpg,dolphin
02506.jpg,grizzly+bear
00859.jpg,deer
02704.jpg,weasel
00718.jpg,mouse
01443.jpg,raccoon
01661.jpg,cow
01365.jpg,dolphin
00862.jpg,skunk
00975.jpg,german+shepherd
02370.jpg,dolphin
01926.jpg,bat
00200.jpg,chihuahua
02752.jpg,antelope
02203.jpg,persian+cat
02296.jpg,german+shepherd
00575.jpg,weasel
02223.jpg,german+shepherd
00536.jpg,lion
02080.jpg,lion
02576.jpg,skunk
02815.jpg,lion
00480.jpg,elephant
01108.jpg,persian+cat
00012.jpg,deer
00125.jpg,giant+panda
00149.jpg,elephant
00891.jpg,deer
00991.jpg,lion
01014.jpg,antelope
00373.jpg,weasel
01334.jpg,spider+monkey
00053.jpg,dolphin
02940.jpg,bat
01841.jpg,lion
00688.jpg,cow
02453.jpg,spider+monkey
00058.jpg,blue+whale
02258.jpg,mouse
02986.jpg,giraffe
00821.jpg,rat
02393.jpg,elephant
02709.jpg,raccoon
00352.jpg,lion
01011.jpg,hamster
01405.jpg,giant+panda
02211.jpg,spider+monkey
02596.jpg,skunk
00546.jpg,mouse
01348.jpg,raccoon
00588.jpg,weasel
01604.jpg,giraffe
00080.jpg,beaver
01595.jpg,spider+monkey
01333.jpg,cow
01527.jpg,ox
01258.jpg,german+shepherd
01798.jpg,otter
01052.jpg,bobcat
02901.jpg,raccoon
02486.jpg,ox
01788.jpg,grizzly+bear
01991.jpg,cow
02267.jpg,hamster
00449.jpg,chihuahua
01356.jpg,giant+panda
01733.jpg,hamster
00957.jpg,rat
01546.jpg,killer+whale
01977.jpg,pig
01806.jpg,german+shepherd
02241.jpg,beaver
02022.jpg,spider+monkey
00638.jpg,spider+monkey
01075.jpg,mole
02754.jpg,ox
00383.jpg,giraffe
02023.jpg,polar+bear
01967.jpg,hamster
00267.jpg,mole
01807.jpg,bat
01515.jpg,tiger
01474.jpg,pig
00538.jpg,killer+whale
00365.jpg,bobcat
00544.jpg,antelope
01622.jpg,spider+monkey
00742.jpg,zebra
02869.jpg,mole
00741.jpg,hamster
00960.jpg,polar+bear
01869.jpg,dalmatian
00212.jpg,german+shepherd
00121.jpg,humpback+whale
02107.jpg,cow
00126.jpg,lion
02821.jpg,pig
02246.jpg,blue+whale
00807.jpg,raccoon
01717.jpg,bat
01608.jpg,spider+monkey
00586.jpg,walrus
01200.jpg,polar+bear
01636.jpg,german+shepherd
01829.jpg,elephant
00928.jpg,skunk
01735.jpg,beaver
00613.jpg,lion
00243.jpg,bat
01756.jpg,cow
01341.jpg,skunk
01843.jpg,deer
02035.jpg,rat
00438.jpg,hippopotamus
02657.jpg,grizzly+bear
01889.jpg,dalmatian
01054.jpg,deer
02294.jpg,giant+panda
02612.jpg,cow
00282.jpg,killer+whale
01647.jpg,antelope
02732.jpg,mouse
00151.jpg,mole
02755.jpg,hippopotamus
00469.jpg,cow
02622.jpg,polar+bear
01825.jpg,blue+whale
01294.jpg,skunk
01398.jpg,german+shepherd
00202.jpg,pig
02905.jpg,beaver
02971.jpg,deer
00231.jpg,giraffe
01072.jpg,weasel
00289.jpg,dalmatian
00712.jpg,grizzly+bear
01254.jpg,mole
00406.jpg,otter
02271.jpg,chihuahua
00703.jpg,seal
00713.jpg,giraffe
01363.jpg,mouse
02946.jpg,chihuahua
00572.jpg,raccoon
01563.jpg,dolphin
02195.jpg,lion
00827.jpg,polar+bear
02060.jpg,deer
00426.jpg,raccoon
00286.jpg,mouse
02786.jpg,german+shepherd
01814.jpg,blue+whale
00063.jpg,raccoon
00048.jpg,beaver
00830.jpg,grizzly+bear
01355.jpg,mouse
00933.jpg,weasel
02664.jpg,deer
02513.jpg,seal
01882.jpg,mouse
00146.jpg,zebra
00461.jpg,pig
02363.jpg,deer
00205.jpg,hamster
01036.jpg,cow
02886.jpg,otter
00211.jpg,siamese+cat
02802.jpg,mole
01183.jpg,bobcat
00124.jpg,cow
00336.jpg,pig
01240.jpg,pig
01716.jpg,hippopotamus
02108.jpg,lion
02742.jpg,persian+cat
01609.jpg,spider+monkey
02893.jpg,hippopotamus
02318.jpg,giraffe
02534.jpg,german+shepherd
02334.jpg,hippopotamus
00025.jpg,spider+monkey
02839.jpg,spider+monkey
02522.jpg,zebra
01087.jpg,beaver
02359.jpg,dalmatian
01265.jpg,raccoon
02479.jpg,grizzly+bear
00113.jpg,deer
01046.jpg,walrus
02248.jpg,cow
02736.jpg,walrus
00492.jpg,hippopotamus
01281.jpg,bobcat
01096.jpg,spider+monkey
02773.jpg,skunk
02467.jpg,tiger
02737.jpg,lion
00483.jpg,seal
02572.jpg,zebra
01633.jpg,dalmatian
01162.jpg,cow
02169.jpg,antelope
01553.jpg,elephant
00157.jpg,lion
01526.jpg,mole
00752.jpg,pig
00272.jpg,pig
02632.jpg,bat
01350.jpg,wolf
01523.jpg,raccoon
02462.jpg,deer
01315.jpg,spider+monkey
01450.jpg,pig
02720.jpg,elephant
01813.jpg,hippopotamus
00488.jpg,otter
00464.jpg,lion
00103.jpg,deer
02372.jpg,antelope
01272.jpg,elephant
01492.jpg,bat
00600.jpg,cow
00494.jpg,bat
00437.jpg,siamese+cat
01435.jpg,spider+monkey
01845.jpg,giraffe
02199.jpg,buffalo
00911.jpg,grizzly+bear
02139.jpg,walrus
02100.jpg,mouse
02874.jpg,elephant
01144.jpg,giant+panda
02915.jpg,tiger
01896.jpg,rat
02320.jpg,raccoon
01931.jpg,spider+monkey
01605.jpg,seal
01989.jpg,elephant
00271.jpg,antelope
00841.jpg,lion
02980.jpg,hamster
00885.jpg,giraffe
00731.jpg,dalmatian
00013.jpg,mouse
01573.jpg,lion
01915.jpg,rat
02193.jpg,grizzly+bear
01644.jpg,hippopotamus
02726.jpg,mole
01966.jpg,giant+panda
00849.jpg,skunk
02619.jpg,spider+monkey
01484.jpg,beaver
01543.jpg,german+shepherd
01610.jpg,elephant
01290.jpg,hamster
01013.jpg,beaver
01514.jpg,pig
00637.jpg,german+shepherd
01244.jpg,raccoon
01712.jpg,skunk
00170.jpg,raccoon
02963.jpg,spider+monkey
01090.jpg,skunk
02394.jpg,german+shepherd
01961.jpg,grizzly+bear
02321.jpg,pig
01381.jpg,hamster
01842.jpg,elephant
01944.jpg,grizzly+bear
02088.jpg,dolphin
00395.jpg,german+shepherd
00656.jpg,weasel
01940.jpg,pig
00100.jpg,weasel
00128.jpg,deer
00206.jpg,pig
00623.jpg,deer
00766.jpg,siamese+cat
00908.jpg,german+shepherd
01112.jpg,lion
01295.jpg,lion
02904.jpg,pig
02846.jpg,cow
00865.jpg,weasel
00840.jpg,ox
02659.jpg,bobcat
00621.jpg,zebra
00509.jpg,chihuahua
01984.jpg,weasel
00391.jpg,spider+monkey
01079.jpg,otter
01028.jpg,persian+cat
01469.jpg,mole
02745.jpg,beaver
01887.jpg,lion
01074.jpg,german+shepherd
00559.jpg,lion
02502.jpg,german+shepherd
02221.jpg,grizzly+bear
01506.jpg,rat
01970.jpg,humpback+whale
02607.jpg,hippopotamus
01630.jpg,dolphin
02624.jpg,dolphin
00978.jpg,pig
01920.jpg,polar+bear
00882.jpg,antelope
02013.jpg,raccoon
02478.jpg,cow
02382.jpg,hippopotamus
02410.jpg,giraffe
02413.jpg,antelope
01746.jpg,bat
00904.jpg,german+shepherd
02075.jpg,mole
02204.jpg,cow
01402.jpg,leopard
02149.jpg,beaver
00186.jpg,lion
00793.jpg,mouse
01812.jpg,elephant
02216.jpg,mouse
00405.jpg,grizzly+bear
00321.jpg,dolphin
00832.jpg,pig
02529.jpg,beaver
02896.jpg,persian+cat
01282.jpg,dolphin
00301.jpg,elephant
00723.jpg,killer+whale
00376.jpg,bat
02887.jpg,mouse
02652.jpg,buffalo
00920.jpg,tiger
00567.jpg,ox
01434.jpg,cow
01599.jpg,persian+cat
00306.jpg,spider+monkey
02250.jpg,siamese+cat
01721.jpg,mole
00528.jpg,zebra
01664.jpg,elephant
00799.jpg,elephant
02301.jpg,wolf
00192.jpg,rat
01032.jpg,mole
02725.jpg,skunk
02461.jpg,dolphin
02412.jpg,polar+bear
00982.jpg,deer
01034.jpg,zebra
00360.jpg,antelope
00203.jpg,elephant
01019.jpg,antelope
00825.jpg,deer
02884.jpg,deer
01129.jpg,blue+whale
00529.jpg,grizzly+bear
00630.jpg,seal
01213.jpg,pig
02863.jpg,mole
01323.jpg,cow
01393.jpg,hamster
02044.jpg,hamster
01700.jpg,humpback+whale
00047.jpg,mouse
02672.jpg,killer+whale
00248.jpg,dolphin
00017.jpg,grizzly+bear
00265.jpg,siamese+cat
01308.jpg,bat
02377.jpg,lion
01424.jpg,giraffe
02097.jpg,hamster
00354.jpg,elephant
00344.jpg,mole
02558.jpg,mouse
00310.jpg,leopard
02482.jpg,antelope
01658.jpg,german+shepherd
00576.jpg,zebra
02032.jpg,mouse
01304.jpg,german+shepherd
02966.jpg,mouse
01207.jpg,deer
00115.jpg,killer+whale
02772.jpg,spider+monkey
01903.jpg,giraffe
01317.jpg,lion
01243.jpg,chihuahua
01679.jpg,dolphin
02043.jpg,bat
00809.jpg,spider+monkey
02018.jpg,buffalo
01115.jpg,raccoon
02261.jpg,elephant
01974.jpg,pig
02128.jpg,antelope
02364.jpg,polar+bear
01390.jpg,chihuahua
00889.jpg,deer
01587.jpg,hippopotamus
01725.jpg,persian+cat
00652.jpg,giant+panda
02378.jpg,antelope
00941.jpg,beaver
01461.jpg,walrus
02446.jpg,spider+monkey
02357.jpg,elephant
02540.jpg,german+shepherd
02202.jpg,wolf
02142.jpg,zebra
02976.jpg,seal
01206.jpg,mole
02146.jpg,rat
02642.jpg,pig
02550.jpg,lion
02008.jpg,pig
00979.jpg,chihuahua
00490.jpg,hippopotamus
02994.jpg,antelope
01715.jpg,blue+whale
02891.jpg,pig
00918.jpg,antelope
00204.jpg,lion
00792.jpg,giraffe
01083.jpg,spider+monkey
02063.jpg,siamese+cat
00698.jpg,killer+whale
00148.jpg,lion
02845.jpg,blue+whale
00131.jpg,killer+whale
02484.jpg,spider+monkey
02460.jpg,mole
02348.jpg,polar+bear
02315.jpg,raccoon
01929.jpg,giant+panda
02511.jpg,hamster
02565.jpg,giraffe
01731.jpg,chihuahua
01047.jpg,zebra
02941.jpg,bat
01503.jpg,zebra
02613.jpg,ox
00261.jpg,seal
01956.jpg,weasel
01168.jpg,dolphin
01895.jpg,hamster
01781.jpg,beaver
00779.jpg,deer
01056.jpg,mouse
02222.jpg,giraffe
00744.jpg,humpback+whale
02111.jpg,hamster
00582.jpg,raccoon
00989.jpg,beaver
02733.jpg,grizzly+bear
00224.jpg,raccoon
00599.jpg,cow
01871.jpg,mole
02423.jpg,seal
00518.jpg,antelope
02527.jpg,spider+monkey
02930.jpg,seal
02578.jpg,persian+cat
00537.jpg,hamster
01033.jpg,mouse
00714.jpg,buffalo
02910.jpg,grizzly+bear
00651.jpg,hippopotamus
01066.jpg,polar+bear
01663.jpg,weasel
01518.jpg,skunk
02689.jpg,mouse
01950.jpg,pig
00010.jpg,skunk
01890.jpg,antelope
00778.jpg,raccoon
00877.jpg,dolphin
02903.jpg,blue+whale
00826.jpg,pig
02347.jpg,siamese+cat
02468.jpg,seal
02264.jpg,pig
02356.jpg,german+shepherd
01969.jpg,hamster
02419.jpg,rat
01703.jpg,spider+monkey
02561.jpg,mouse
02892.jpg,mouse
02519.jpg,deer
01669.jpg,raccoon
02324.jpg,bobcat
02768.jpg,antelope
00558.jpg,ox
02616.jpg,weasel
02890.jpg,pig
02123.jpg,blue+whale
01879.jpg,dolphin
00738.jpg,seal
02598.jpg,zebra
01840.jpg,antelope
01249.jpg,deer
01446.jpg,pig
01098.jpg,german+shepherd
01960.jpg,deer
02650.jpg,elephant
02287.jpg,lion
00412.jpg,cow
01177.jpg,elephant
01808.jpg,skunk
02262.jpg,antelope
01982.jpg,bat
01335.jpg,dalmatian
00962.jpg,humpback+whale
02028.jpg,tiger
00434.jpg,killer+whale
00837.jpg,chihuahua
01954.jpg,spider+monkey
00302.jpg,skunk
01153.jpg,dalmatian
02702.jpg,bobcat
00481.jpg,persian+cat
00824.jpg,wolf
00670.jpg,walrus
01043.jpg,zebra
01656.jpg,giant+panda
00323.jpg,spider+monkey
00036.jpg,bat
00664.jpg,killer+whale
01951.jpg,elephant
01302.jpg,raccoon
00230.jpg,blue+whale
00404.jpg,seal
02539.jpg,cow
00966.jpg,leopard
02408.jpg,bat
01010.jpg,weasel
00864.jpg,rat
01831.jpg,weasel
00711.jpg,blue+whale
00981.jpg,skunk
00668.jpg,otter
02996.jpg,antelope
02916.jpg,lion
01753.jpg,raccoon
00370.jpg,siamese+cat
00085.jpg,ox
00153.jpg,otter
02102.jpg,otter
01561.jpg,ox
00540.jpg,weasel
01454.jpg,polar+bear
01442.jpg,rat
01795.jpg,buffalo
00923.jpg,hippopotamus
01785.jpg,blue+whale
01667.jpg,siamese+cat
02189.jpg,walrus
01729.jpg,elephant
00524.jpg,weasel
02300.jpg,rat
02658.jpg,persian+cat
00050.jpg,otter
02084.jpg,pig
02918.jpg,deer
01498.jpg,spider+monkey
00818.jpg,otter
02272.jpg,mouse
02440.jpg,raccoon
02739.jpg,spider+monkey
02697.jpg,deer
00451.jpg,rat
00592.jpg,zebra
02630.jpg,leopard
02871.jpg,dalmatian
01313.jpg,bobcat
02280.jpg,grizzly+bear
02274.jpg,humpback+whale
00874.jpg,hippopotamus
01004.jpg,mole
02046.jpg,grizzly+bear
00755.jpg,blue+whale
00218.jpg,rat
00719.jpg,skunk
02852.jpg,lion
02771.jpg,weasel
00190.jpg,chihuahua
02101.jpg,zebra
02477.jpg,dolphin
01205.jpg,leopard
00123.jpg,giraffe
01557.jpg,chihuahua
00075.jpg,dalmatian
02925.jpg,otter
00099.jpg,bat
00565.jpg,polar+bear
01932.jpg,siamese+cat
01015.jpg,spider+monkey
01189.jpg,persian+cat
02358.jpg,walrus
00967.jpg,wolf
01311.jpg,leopard
02712.jpg,german+shepherd
00393.jpg,grizzly+bear
02989.jpg,hippopotamus
02405.jpg,bobcat
01821.jpg,skunk
01399.jpg,dolphin
02147.jpg,rat
00209.jpg,wolf
00066.jpg,antelope
00905.jpg,spider+monkey
00098.jpg,skunk
02151.jpg,leopard
00262.jpg,giant+panda
00803.jpg,mouse
01631.jpg,bobcat
02005.jpg,german+shepherd
00314.jpg,giraffe
00244.jpg,weasel
02810.jpg,german+shepherd
01933.jpg,cow
02661.jpg,dolphin
02351.jpg,seal
00191.jpg,buffalo
01976.jpg,otter
01567.jpg,zebra
02955.jpg,tiger
02002.jpg,leopard
01266.jpg,walrus
02481.jpg,mouse
02172.jpg,hippopotamus
01532.jpg,zebra
00934.jpg,cow
02220.jpg,elephant
01092.jpg,antelope
01762.jpg,seal
01860.jpg,spider+monkey
02117.jpg,buffalo
01099.jpg,beaver
02239.jpg,deer
01584.jpg,tiger
02244.jpg,skunk
01396.jpg,giant+panda
00503.jpg,weasel
02177.jpg,lion
01476.jpg,bat
02293.jpg,hamster
00174.jpg,mouse
02510.jpg,seal
01544.jpg,bat
01987.jpg,cow
00888.jpg,weasel
00225.jpg,weasel
00079.jpg,antelope
02065.jpg,rat
02691.jpg,german+shepherd
00281.jpg,deer
01681.jpg,otter
00912.jpg,elephant
01657.jpg,blue+whale
02983.jpg,lion
00909.jpg,elephant
00358.jpg,walrus
02928.jpg,persian+cat
02439.jpg,mole
00579.jpg,lion
02587.jpg,elephant
02939.jpg,german+shepherd
01009.jpg,spider+monkey
02341.jpg,spider+monkey
01912.jpg,blue+whale
00082.jpg,mouse
01041.jpg,elephant
01898.jpg,antelope
01799.jpg,hippopotamus
00519.jpg,german+shepherd
00094.jpg,skunk
01570.jpg,seal
00452.jpg,hamster
01157.jpg,killer+whale
00543.jpg,lion
02767.jpg,pig
01711.jpg,beaver
00736.jpg,beaver
01197.jpg,antelope
00948.jpg,walrus
02406.jpg,raccoon
00414.jpg,siamese+cat
02505.jpg,grizzly+bear
01512.jpg,deer
00337.jpg,weasel
02559.jpg,elephant
02804.jpg,elephant
01938.jpg,cow
02684.jpg,raccoon
00338.jpg,pig
02931.jpg,mouse
00408.jpg,leopard
01060.jpg,bat
02842.jpg,rat
01682.jpg,buffalo
02545.jpg,weasel
00041.jpg,spider+monkey
00988.jpg,weasel
01343.jpg,bobcat
01893.jpg,lion
00504.jpg,leopard
01511.jpg,pig
00295.jpg,ox
01919.jpg,tiger
01743.jpg,grizzly+bear
02575.jpg,skunk
01697.jpg,hamster
01857.jpg,chihuahua
02104.jpg,polar+bear
02113.jpg,antelope
00508.jpg,mouse
00539.jpg,pig
01751.jpg,deer
01749.jpg,spider+monkey
01541.jpg,walrus
02229.jpg,lion
00764.jpg,german+shepherd
02384.jpg,spider+monkey
01935.jpg,buffalo
01230.jpg,giraffe
01182.jpg,mouse
01817.jpg,chihuahua
00701.jpg,zebra
01686.jpg,humpback+whale
02176.jpg,wolf
02131.jpg,grizzly+bear
00108.jpg,blue+whale
01583.jpg,cow
02490.jpg,pig
02263.jpg,seal
01575.jpg,lion
00774.jpg,german+shepherd
02646.jpg,polar+bear
02407.jpg,hamster
00445.jpg,spider+monkey
02132.jpg,ox
01203.jpg,skunk
01525.jpg,hippopotamus
00992.jpg,antelope
02912.jpg,pig
01278.jpg,killer+whale
00256.jpg,hippopotamus
02030.jpg,hamster
01378.jpg,polar+bear
00675.jpg,seal
02627.jpg,killer+whale
00647.jpg,mouse
02535.jpg,seal
00368.jpg,siamese+cat
01267.jpg,weasel
01694.jpg,lion
00631.jpg,spider+monkey
02979.jpg,spider+monkey
02054.jpg,giraffe
02056.jpg,polar+bear
00350.jpg,dolphin
01739.jpg,pig
02582.jpg,rat
02687.jpg,ox
00772.jpg,spider+monkey
00016.jpg,dolphin
02076.jpg,deer
00119.jpg,zebra
01357.jpg,buffalo
02525.jpg,weasel
01361.jpg,giraffe
02095.jpg,seal
00863.jpg,rat
02164.jpg,antelope
00317.jpg,dalmatian
01997.jpg,giant+panda
01699.jpg,beaver
01574.jpg,bat
00371.jpg,spider+monkey
02640.jpg,giant+panda
01520.jpg,zebra
01269.jpg,grizzly+bear
02219.jpg,persian+cat
02729.jpg,lion
01324.jpg,seal
00432.jpg,bobcat
01190.jpg,hamster
02218.jpg,persian+cat
01757.jpg,pig
02974.jpg,zebra
00685.jpg,pig
00184.jpg,spider+monkey
02937.jpg,leopard
01124.jpg,deer
00728.jpg,otter
00329.jpg,hamster
01736.jpg,deer
00534.jpg,deer
00589.jpg,german+shepherd
02346.jpg,siamese+cat
02237.jpg,elephant
02669.jpg,seal
00283.jpg,raccoon
01491.jpg,pig
02521.jpg,killer+whale
01379.jpg,deer
01210.jpg,seal
02286.jpg,raccoon
00883.jpg,giant+panda
00987.jpg,raccoon
00961.jpg,dolphin
01237.jpg,skunk
01640.jpg,wolf
01730.jpg,pig
00927.jpg,leopard
01830.jpg,giraffe
02303.jpg,hippopotamus
02648.jpg,siamese+cat
02833.jpg,bobcat
00457.jpg,grizzly+bear
02592.jpg,bobcat
01538.jpg,deer
00674.jpg,buffalo
01070.jpg,bobcat
02981.jpg,elephant
00141.jpg,skunk
02483.jpg,chihuahua
01497.jpg,seal
00102.jpg,mole
01226.jpg,weasel
02230.jpg,pig
00791.jpg,giant+panda
00134.jpg,persian+cat
00169.jpg,grizzly+bear
02058.jpg,weasel
02020.jpg,otter
02844.jpg,deer
02141.jpg,skunk
01400.jpg,antelope
02037.jpg,spider+monkey
01427.jpg,persian+cat
00768.jpg,spider+monkey
02548.jpg,spider+monkey
01383.jpg,german+shepherd
00532.jpg,mole
00443.jpg,otter
01178.jpg,weasel
01456.jpg,otter
00447.jpg,bobcat
00921.jpg,mole
00433.jpg,tiger
01276.jpg,pig
01180.jpg,pig
00118.jpg,humpback+whale
02866.jpg,ox
00797.jpg,hippopotamus
00369.jpg,giant+panda
02850.jpg,zebra
02867.jpg,leopard
01463.jpg,deer
02078.jpg,polar+bear
02454.jpg,hamster
00401.jpg,spider+monkey
00932.jpg,chihuahua
02967.jpg,raccoon
00375.jpg,otter
00786.jpg,leopard
02865.jpg,pig
02012.jpg,hamster
00610.jpg,chihuahua
01549.jpg,mouse
00541.jpg,elephant
01706.jpg,giraffe
00241.jpg,walrus
00015.jpg,mole
01082.jpg,dalmatian
02812.jpg,dolphin
01778.jpg,grizzly+bear
01332.jpg,seal
00520.jpg,dalmatian
02224.jpg,skunk
01279.jpg,cow
01385.jpg,bat
01260.jpg,killer+whale
01650.jpg,hamster
02806.jpg,lion
01930.jpg,beaver
00846.jpg,pig
02016.jpg,siamese+cat
01407.jpg,giant+panda
02813.jpg,leopard
01934.jpg,chihuahua
00550.jpg,bat
01828.jpg,lion
00547.jpg,dolphin
01055.jpg,mole
02683.jpg,hamster
01080.jpg,rat
00823.jpg,deer
01590.jpg,walrus
00555.jpg,cow
02049.jpg,mouse
02033.jpg,pig
02805.jpg,otter
01291.jpg,walrus
00239.jpg,blue+whale
00552.jpg,deer
00902.jpg,blue+whale
00502.jpg,hippopotamus
01516.jpg,weasel
02651.jpg,skunk
01211.jpg,grizzly+bear
01972.jpg,hamster
01941.jpg,killer+whale
01754.jpg,hippopotamus
00257.jpg,skunk
01637.jpg,ox
02701.jpg,persian+cat
01471.jpg,tiger
00505.jpg,deer
02746.jpg,beaver
01741.jpg,skunk
02411.jpg,antelope
00172.jpg,hamster
01174.jpg,siamese+cat
02431.jpg,humpback+whale
01466.jpg,beaver
01606.jpg,pig
02276.jpg,chihuahua
01242.jpg,weasel
00587.jpg,killer+whale
00068.jpg,leopard
00612.jpg,cow
00446.jpg,weasel
01654.jpg,killer+whale
02077.jpg,beaver
00067.jpg,hippopotamus
00139.jpg,pig
01370.jpg,elephant
00318.jpg,hippopotamus
00367.jpg,siamese+cat
00831.jpg,skunk
01470.jpg,ox
01202.jpg,spider+monkey
02401.jpg,hippopotamus
01044.jpg,bat
01441.jpg,deer
01701.jpg,blue+whale
00835.jpg,raccoon
00055.jpg,spider+monkey
02079.jpg,wolf
02183.jpg,raccoon
01740.jpg,rat
02090.jpg,german+shepherd
01507.jpg,weasel
02825.jpg,deer
00083.jpg,chihuahua
02816.jpg,skunk
01459.jpg,lion
02923.jpg,german+shepherd
02830.jpg,elephant
02681.jpg,german+shepherd
02698.jpg,tiger
00213.jpg,grizzly+bear
01783.jpg,mole
01048.jpg,weasel
00070.jpg,giant+panda
02395.jpg,walrus
02124.jpg,persian+cat
00607.jpg,spider+monkey
01832.jpg,spider+monkey
01236.jpg,german+shepherd
02547.jpg,beaver
02409.jpg,otter
00758.jpg,dolphin
00747.jpg,mole
01983.jpg,deer
01994.jpg,antelope
02129.jpg,deer
00919.jpg,bat
01342.jpg,raccoon
00216.jpg,hamster
02197.jpg,ox
01531.jpg,dalmatian
01537.jpg,skunk
01710.jpg,skunk
00326.jpg,mouse
01316.jpg,raccoon
01451.jpg,siamese+cat
00523.jpg,weasel
00002.jpg,blue+whale
01524.jpg,killer+whale
02574.jpg,hamster
02082.jpg,dalmatian
01517.jpg,deer
00603.jpg,persian+cat
00423.jpg,walrus
02114.jpg,spider+monkey
00526.jpg,bat
00292.jpg,german+shepherd
00770.jpg,hamster
02791.jpg,hippopotamus
01846.jpg,wolf
02288.jpg,giraffe
02828.jpg,blue+whale
00673.jpg,raccoon
01404.jpg,mouse
00491.jpg,mole
02615.jpg,german+shepherd
01482.jpg,humpback+whale
00851.jpg,mole
01448.jpg,antelope
01958.jpg,leopard
00478.jpg,lion
00424.jpg,raccoon
02760.jpg,giraffe
00487.jpg,wolf
00470.jpg,dolphin
02232.jpg,ox
01078.jpg,weasel
01928.jpg,dalmatian
02906.jpg,beaver
01021.jpg,mole
01417.jpg,polar+bear
00290.jpg,ox
00880.jpg,hamster
02723.jpg,ox
02214.jpg,spider+monkey
01163.jpg,skunk
01723.jpg,raccoon
01312.jpg,seal
00591.jpg,mole
00866.jpg,blue+whale
00577.jpg,raccoon
00152.jpg,bat
00970.jpg,hamster
00999.jpg,rat
01195.jpg,otter
01536.jpg,antelope
01208.jpg,otter
00078.jpg,leopard
02964.jpg,killer+whale
02055.jpg,bat
01170.jpg,cow
01769.jpg,giant+panda
00783.jpg,zebra
02196.jpg,leopard
01708.jpg,bat
02167.jpg,killer+whale
02849.jpg,mouse
02694.jpg,deer
00836.jpg,raccoon
01904.jpg,killer+whale
02991.jpg,mouse
01766.jpg,antelope
02514.jpg,deer
01111.jpg,raccoon
01391.jpg,siamese+cat
01328.jpg,ox
02469.jpg,elephant
00917.jpg,skunk
00327.jpg,hamster
00240.jpg,spider+monkey
00436.jpg,giant+panda
01479.jpg,skunk
01086.jpg,walrus
00958.jpg,bat
02243.jpg,pig
02247.jpg,giraffe
02947.jpg,mouse
00953.jpg,raccoon
01030.jpg,lion
00114.jpg,raccoon
01709.jpg,leopard
00233.jpg,killer+whale
00811.jpg,leopard
00227.jpg,bat
02610.jpg,giraffe
01120.jpg,bat
00039.jpg,antelope
01720.jpg,chihuahua
00024.jpg,walrus
01673.jpg,ox
00875.jpg,rat
00493.jpg,persian+cat
00672.jpg,rat
01436.jpg,killer+whale
01591.jpg,zebra
02879.jpg,skunk
01632.jpg,pig
01542.jpg,antelope
02361.jpg,raccoon
01586.jpg,hamster
00474.jpg,beaver
02422.jpg,killer+whale
00788.jpg,pig
01900.jpg,elephant
02323.jpg,cow
01540.jpg,raccoon
02977.jpg,persian+cat
02526.jpg,dolphin
02758.jpg,lion
02533.jpg,cow
02295.jpg,humpback+whale
01432.jpg,pig
00138.jpg,rat
00356.jpg,seal
01628.jpg,grizzly+bear
00939.jpg,bat
02796.jpg,elephant
01833.jpg,dolphin
02298.jpg,deer
02606.jpg,raccoon
00717.jpg,killer+whale
01119.jpg,elephant
01460.jpg,mole
01973.jpg,weasel
02137.jpg,hamster
02913.jpg,seal
01651.jpg,hamster
02289.jpg,bobcat
00760.jpg,walrus
01039.jpg,hamster
00031.jpg,spider+monkey
02779.jpg,giant+panda
00133.jpg,chihuahua
01007.jpg,german+shepherd
00420.jpg,pig
02730.jpg,rat
01892.jpg,giraffe
01338.jpg,mole
02666.jpg,persian+cat
01698.jpg,spider+monkey
00362.jpg,raccoon
02975.jpg,giant+panda
01303.jpg,antelope
02573.jpg,seal
02345.jpg,walrus
02512.jpg,dolphin
02898.jpg,elephant
00379.jpg,elephant
00676.jpg,weasel
00136.jpg,deer
00093.jpg,cow
01571.jpg,seal
01225.jpg,pig
01577.jpg,pig
00566.jpg,giraffe
01455.jpg,siamese+cat
02397.jpg,german+shepherd
01444.jpg,skunk
02328.jpg,hamster
01285.jpg,spider+monkey
02718.jpg,raccoon
01771.jpg,hippopotamus
00860.jpg,zebra
02057.jpg,dolphin
00026.jpg,mole
00450.jpg,bobcat
00854.jpg,bobcat
02154.jpg,antelope
01513.jpg,giant+panda
02552.jpg,pig
00236.jpg,elephant
00557.jpg,hippopotamus
01051.jpg,seal
02728.jpg,seal
00633.jpg,mouse
01305.jpg,antelope
00307.jpg,weasel
01349.jpg,mouse
02350.jpg,killer+whale
01483.jpg,spider+monkey
02688.jpg,seal
01674.jpg,rat
01241.jpg,killer+whale
01612.jpg,siamese+cat
02692.jpg,giant+panda
00353.jpg,hamster
00374.jpg,pig
01367.jpg,weasel
02130.jpg,german+shepherd
02051.jpg,seal
00484.jpg,pig
00794.jpg,giraffe
00335.jpg,weasel
01468.jpg,mole
00389.jpg,dolphin
02528.jpg,bat
00584.jpg,deer
00396.jpg,grizzly+bear
01560.jpg,beaver
01592.jpg,german+shepherd
00604.jpg,giraffe
01109.jpg,walrus
00193.jpg,polar+bear
02354.jpg,pig
02840.jpg,ox
01300.jpg,elephant
00870.jpg,zebra
00223.jpg,hippopotamus
01050.jpg,skunk
02628.jpg,dolphin
00155.jpg,grizzly+bear
00915.jpg,spider+monkey
01297.jpg,walrus
01488.jpg,blue+whale
00707.jpg,antelope
02808.jpg,antelope
01848.jpg,mouse
02311.jpg,zebra
01884.jpg,wolf
01685.jpg,killer+whale
01485.jpg,seal
01061.jpg,giraffe
00035.jpg,giraffe
01201.jpg,giant+panda
01742.jpg,spider+monkey
01114.jpg,dolphin
01959.jpg,antelope
00661.jpg,german+shepherd
00947.jpg,antelope
01145.jpg,beaver
02136.jpg,walrus
01789.jpg,pig
02045.jpg,killer+whale
01925.jpg,bat
00857.jpg,beaver
01670.jpg,weasel
02911.jpg,elephant
01438.jpg,persian+cat
02458.jpg,bat
02827.jpg,wolf
01914.jpg,grizzly+bear
01426.jpg,skunk
01005.jpg,pig
02530.jpg,spider+monkey
00399.jpg,hamster
01924.jpg,ox
02682.jpg,grizzly+bear
00667.jpg,elephant
02052.jpg,weasel
01759.jpg,polar+bear
02919.jpg,bat
02452.jpg,rat
00382.jpg,lion
02676.jpg,elephant
02435.jpg,hamster
00594.jpg,spider+monkey
02793.jpg,persian+cat
01268.jpg,spider+monkey
00287.jpg,hippopotamus
00812.jpg,bat
01655.jpg,seal
02649.jpg,lion
00842.jpg,antelope
02353.jpg,pig
00084.jpg,walrus
01792.jpg,dalmatian
00210.jpg,dalmatian
00061.jpg,otter
02352.jpg,weasel
00757.jpg,hamster
02319.jpg,lion
01601.jpg,hippopotamus
01135.jpg,pig
01166.jpg,cow
02322.jpg,seal
02577.jpg,antelope
02948.jpg,raccoon
02112.jpg,bobcat
00556.jpg,skunk
01816.jpg,antelope
01309.jpg,rat
02895.jpg,dolphin
01999.jpg,dolphin
00221.jpg,german+shepherd
00330.jpg,seal
00709.jpg,tiger
02792.jpg,bat
01152.jpg,spider+monkey
00348.jpg,otter
00618.jpg,persian+cat
01113.jpg,tiger
02338.jpg,dalmatian
01196.jpg,seal
01073.jpg,wolf
00708.jpg,bat
01805.jpg,beaver
00733.jpg,otter
00322.jpg,siamese+cat
01875.jpg,hamster
00645.jpg,mole
00297.jpg,blue+whale
00454.jpg,lion
02150.jpg,ox
02098.jpg,leopard
02034.jpg,chihuahua
02608.jpg,blue+whale
00897.jpg,dalmatian
01613.jpg,chihuahua
00669.jpg,hippopotamus
02614.jpg,siamese+cat
00665.jpg,antelope
01692.jpg,hippopotamus
00497.jpg,killer+whale
01154.jpg,rat
00135.jpg,hippopotamus
01293.jpg,german+shepherd
00515.jpg,zebra
02277.jpg,lion
01085.jpg,spider+monkey
01768.jpg,deer
00054.jpg,cow
00429.jpg,spider+monkey
02762.jpg,raccoon
01858.jpg,rat
01217.jpg,dolphin
02823.jpg,german+shepherd
02962.jpg,dalmatian
02907.jpg,raccoon
02292.jpg,chihuahua
02920.jpg,polar+bear
00658.jpg,dolphin
01576.jpg,leopard
02656.jpg,lion
00771.jpg,polar+bear
02766.jpg,ox
01545.jpg,walrus
00513.jpg,beaver
00969.jpg,hamster
01394.jpg,raccoon
00276.jpg,persian+cat
02708.jpg,raccoon
01939.jpg,bat
01238.jpg,giraffe
01359.jpg,zebra
00650.jpg,elephant
02645.jpg,polar+bear
02953.jpg,chihuahua
01412.jpg,beaver
00366.jpg,mouse
01380.jpg,ox
01224.jpg,deer
02198.jpg,seal
02917.jpg,weasel
02430.jpg,killer+whale
00598.jpg,lion
00726.jpg,grizzly+bear
01035.jpg,german+shepherd
00392.jpg,bat
00005.jpg,cow
01351.jpg,weasel
02498.jpg,grizzly+bear
00088.jpg,siamese+cat
00898.jpg,polar+bear
02036.jpg,humpback+whale
02999.jpg,leopard
01440.jpg,rat
01918.jpg,dalmatian
00147.jpg,weasel
00168.jpg,raccoon
00167.jpg,bat
02644.jpg,walrus
01287.jpg,deer
02269.jpg,antelope
00729.jpg,ox
02145.jpg,leopard
02841.jpg,german+shepherd
00850.jpg,zebra
00101.jpg,pig
02629.jpg,grizzly+bear
01326.jpg,skunk
02307.jpg,deer
02515.jpg,chihuahua
00876.jpg,giant+panda
00759.jpg,weasel
00188.jpg,walrus
00400.jpg,killer+whale
02414.jpg,antelope
00814.jpg,otter
00622.jpg,wolf
02200.jpg,bat
02474.jpg,seal
02207.jpg,skunk
02987.jpg,zebra
01347.jpg,spider+monkey
02631.jpg,grizzly+bear
00620.jpg,beaver
01909.jpg,raccoon
02960.jpg,seal
01360.jpg,bat
01990.jpg,bobcat
01416.jpg,deer
01495.jpg,elephant
00448.jpg,persian+cat
02868.jpg,bobcat
02929.jpg,mouse
02120.jpg,mouse
00737.jpg,pig
00644.jpg,killer+whale
00142.jpg,german+shepherd
02234.jpg,otter
00175.jpg,giraffe
00657.jpg,otter
01429.jpg,ox
00750.jpg,spider+monkey
02004.jpg,ox
00716.jpg,rat
01301.jpg,skunk
01927.jpg,cow
01835.jpg,mouse
02626.jpg,seal
02872.jpg,spider+monkey
02465.jpg,hippopotamus
00032.jpg,raccoon
02584.jpg,elephant
02523.jpg,skunk
00313.jpg,skunk
01220.jpg,polar+bear
01504.jpg,grizzly+bear
02873.jpg,weasel
00232.jpg,dolphin
00616.jpg,leopard
02564.jpg,spider+monkey
01472.jpg,killer+whale
02188.jpg,blue+whale
00980.jpg,mouse
02500.jpg,pig
02448.jpg,dolphin
01765.jpg,giraffe
00606.jpg,grizzly+bear
01477.jpg,bat
02820.jpg,raccoon
00845.jpg,bat
01776.jpg,spider+monkey
01289.jpg,pig
01770.jpg,pig
02213.jpg,deer
01141.jpg,dalmatian
01763.jpg,giraffe
02922.jpg,grizzly+bear
00590.jpg,mouse
01373.jpg,spider+monkey
02333.jpg,bat
01185.jpg,mouse
02807.jpg,mouse
02083.jpg,lion
01564.jpg,pig
02390.jpg,buffalo
01025.jpg,rat
02106.jpg,cow
02491.jpg,german+shepherd
00691.jpg,rat
02834.jpg,cow
00659.jpg,raccoon
01552.jpg,pig
01222.jpg,german+shepherd
02998.jpg,elephant
00180.jpg,grizzly+bear
02242.jpg,pig
01923.jpg,antelope
01810.jpg,cow
00458.jpg,otter
02668.jpg,skunk
02109.jpg,pig
00533.jpg,zebra
02273.jpg,bobcat
00304.jpg,dalmatian
02959.jpg,pig
00096.jpg,tiger
01057.jpg,siamese+cat
02764.jpg,buffalo
00112.jpg,otter
02599.jpg,buffalo
01580.jpg,cow
02831.jpg,seal
02765.jpg,cow
00264.jpg,ox
00040.jpg,dolphin
00986.jpg,seal
00018.jpg,mole
00319.jpg,bobcat
01863.jpg,humpback+whale
02784.jpg,hamster
02731.jpg,hamster
01325.jpg,otter
00222.jpg,mouse
02956.jpg,blue+whale
00117.jpg,mouse
